Lineups,TEAM,GP,MIN,OffRtg,DefRtg,NetRtg,AST%,AST/TO,AST Ratio,OREB%,DREB%,REB%,TO Ratio,eFG%,TS%,PACE,PIE
K. Caldwell-Pope - A. Gordon - N. Jokic - J. Murray - M. Porter Jr.,DEN,48,958,125.9,112.3,13.6,64.6,2.7,21.6,32,74.9,54.3,0.1,59.7,62.6,97.39,57
S. Gilgeous-Alexander - L. Dort - J. Giddey - C. Holmgren - J. Williams,OKC,63,799,119.8,109.5,10.2,63.9,2.65,21.1,21.7,69.7,47.5,0.1,58.9,61.8,103.48,55
F. VanVleet - D. Brooks - J. Green - A. Sengun - J. Smith Jr.,HOU,45,754,112.2,111.7,0.4,66.2,2.24,20,25.6,74.4,50.5,0.1,54.1,56.9,100.16,49.9
H. Barnes - D. Sabonis - D. Fox - K. Huerter - K. Murray,SAC,46,669,119.9,113.9,6.1,68,2.73,22.1,22,78.4,49.8,0.1,59.4,61.4,103.33,51.5
M. Conley - R. Gobert - K. Towns - A. Edwards - J. McDaniels,MIN,45,641,118.7,110.8,7.9,61.9,1.74,19.5,29,73.3,52.7,0.2,58.4,61.8,97.12,54.7
J. Holiday - K. Porzingis - J. Brown - J. Tatum - D. White,BOS,37,623,120.3,109.4,11,60.9,2.21,19.7,25,73.4,51.3,0.1,59.5,62.7,101.31,56.3
B. Lopez - D. Lillard - K. Middleton - G. Antetokounmpo - M. Beasley,MIL,39,599,122,106.9,15.1,61.9,2.44,20.3,24.1,75.6,52.3,0.1,60.4,63,104.32,58.1
J. Harden - P. George - K. Leonard - I. Zubac - T. Mann,LAC,41,593,119.5,109.5,10,62.5,2.08,19.7,29.3,72.4,52.2,0.1,58.1,61.3,94.64,55.4
T. Jones - K. Kuzma - D. Gafford - J. Poole - D. Avdija,WAS,42,577,114.9,116,-1.1,64.5,2.48,20.9,22.5,68.5,46.5,0.1,56.3,58.8,104.96,49.3
K. Durant - B. Beal - J. Nurkic - D. Booker - G. Allen,PHX,35,503,124.5,113.4,11.1,66.9,2.31,22.5,26.8,75.9,52.7,0.1,62.6,64.7,100.8,54.5
M. Turner - P. Siakam - A. Nembhard - T. Haliburton - A. Nesmith,IND,25,444,113.6,107.2,6.4,70.2,2.64,22.1,17.6,74.6,48,0.1,57.1,59.9,102.35,54.1
R. Jackson - K. Caldwell-Pope - A. Gordon - N. Jokic - M. Porter Jr.,DEN,55,444,111.1,105.3,5.8,70.7,2.39,21,26.4,78.3,51.8,0.1,54.8,57.8,104.85,52.3
D. DeRozan - N. Vucevic - A. Caruso - C. White - A. Dosunmu,CHI,30,433,105.7,108.5,-2.8,67.6,2.33,19.4,19.9,70.7,46.3,0.1,52,56.2,100.63,50.5
J. Valančiūnas - C. McCollum - B. Ingram - Z. Williamson - H. Jones,NOP,41,424,115.2,116.2,-1.1,64.7,2.1,20.5,28.2,76,52.7,0.1,57.4,59.9,102.78,50.8
D. Vassell - T. Jones - J. Champagnie - J. Sochan - V. Wembanyama,SAS,37,404,113.8,110.5,3.3,77,2.23,22.8,25.8,76.6,51.6,0.1,56.9,60,103.29,53
L. James - A. Davis - D. Russell - R. Hachimura - A. Reaves,LAL,25,389,116,110.5,5.5,69.1,2.27,22.9,21.1,75.4,51.2,0.1,61,63.1,102.6,55.6
D. Mitchell - J. Allen - M. Strus - D. Garland - E. Mobley,CLE,28,368,112.7,111.3,1.4,64.9,1.99,20.7,27.2,72.8,50.7,0.1,57.1,59.6,100.95,52.3
D. Schroder - J. Poeltl - P. Siakam - O. Anunoby - S. Barnes,TOR,27,366,112.5,113.4,-0.9,69.7,2.37,21.8,25.6,75.5,51.1,0.1,56.1,58.3,100.85,51
S. Dinwiddie - D. Finney-Smith - M. Bridges - N. Claxton - C. Johnson,BKN,27,313,113.9,106.9,7,64.7,2.49,18.7,30,74.5,51.4,0.1,52.3,55.3,96.76,52.3
A. Horford - J. Holiday - J. Brown - J. Tatum - D. White,BOS,32,311,118.5,115.8,2.7,66.5,2.69,20.3,19.5,74.2,47.7,0.1,59.5,62.7,102.01,52.5
G. Harris - W. Carter Jr. - F. Wagner - J. Suggs - P. Banchero,ORL,21,300,114.7,102.1,12.5,60.6,1.76,18.9,22.6,82.2,52.3,0.1,58.3,61.4,98.3,56.5
B. Lopez - D. Lillard - J. Crowder - G. Antetokounmpo - M. Beasley,MIL,24,293,119.9,104.3,15.6,57.4,2.26,18.3,23.5,77.6,51.6,0.1,58,61.1,103.31,55.4
C. Capela - D. Murray - T. Young - S. Bey - J. Johnson,ATL,21,289,108.4,120.7,-12.4,61.4,1.63,17.3,34.4,70.9,51.3,0.2,50.3,53.7,105.92,42.8
M. Fultz - W. Carter Jr. - F. Wagner - J. Suggs - P. Banchero,ORL,19,280,110.1,105.5,4.6,61.1,1.95,18.8,27.6,79.2,52.2,0.1,53.7,55.7,99.77,51.7
G. Bitadze - F. Wagner - J. Suggs - P. Banchero - A. Black,ORL,22,274,113.3,104.1,9.2,58.5,1.59,18.1,31.8,77.1,54.7,0.2,55,58.5,102.65,55.8
H. Barnes - D. Sabonis - D. Fox - K. Murray - K. Ellis,SAC,24,261,107,105.8,1.2,70.9,2,19.2,29.3,76.2,51.9,0.1,50.3,53.4,97.42,50.5
K. Dunn - L. Markkanen - J. Collins - C. Sexton - S. Fontecchio,UTA,20,256,125.9,121.6,4.3,72.2,3,23.4,30.3,76.4,53.2,0.1,60,62.8,103.45,52.4
L. James - A. Davis - D. Russell - T. Prince - A. Reaves,LAL,34,243,114.5,116.9,-2.4,68.1,2.79,20.6,25.7,72.3,49.3,0.1,55.2,59,105.12,51.6
D. Mitchell - J. Allen - M. Strus - D. Wade - I. Okoro,CLE,22,232,121.4,101.8,19.6,65.9,2.67,20.6,30.8,76.3,53.7,0.1,58.2,61.1,102.44,59.4
S. Curry - D. Green - A. Wiggins - J. Kuminga - B. Podziemski,GSW,24,232,117.3,105,12.3,71.6,3.24,22.3,24.4,75,51,0.1,57.7,60.1,103.24,57.4
D. Schroder - D. Finney-Smith - M. Bridges - N. Claxton - C. Thomas,BKN,17,228,110.1,116,-5.9,66.8,2.69,20.1,24.2,71.7,47.3,0.1,53.6,55.7,95.47,48
J. Randle - J. Brunson - M. Robinson - R. Barrett - Q. Grimes,NYK,14,228,111.2,104.8,6.4,55.3,1.64,16.2,29,70,49.5,0.1,52.3,56,100.13,50.8
D. DeRozan - N. Vucevic - Z. LaVine - A. Caruso - C. White,CHI,18,227,106.6,109.4,-2.9,64.8,1.76,18.6,16.9,71.5,45.5,0.1,54.4,58.2,100.39,47.2
S. Dinwiddie - M. Bridges - N. Claxton - C. Johnson - C. Thomas,BKN,24,224,105.6,122.7,-17,62.6,2.13,18.5,18.8,68.1,42,0.1,52,54.9,102.17,39.8
K. Durant - E. Gordon - J. Nurkic - D. Booker - G. Allen,PHX,36,220,115.1,102.8,12.3,68.3,2.06,21.7,22.5,74,52.7,0.1,60.5,63.4,102.8,59.8
N. Batum - T. Harris - J. Embiid - D. Melton - T. Maxey,PHI,14,219,135.2,101.3,34,65.8,3.22,21.6,31.8,76.9,56.6,0.1,62.3,67.2,103.73,65.7
M. Conley - R. Gobert - N. Reid - A. Edwards - J. McDaniels,MIN,41,200,102.1,102.1,0,61.7,1.54,17.6,22.8,70.2,47.8,0.2,54.1,56.3,101.64,51.7
I. Hartenstein - J. Hart - J. Brunson - D. DiVincenzo - P. Achiuwa,NYK,12,189,119.5,113,6.4,60.5,2.2,18.9,33,72.6,52.5,0.1,54.4,57.8,93.77,55.3
F. VanVleet - D. Brooks - J. Green - J. Smith Jr. - A. Thompson,HOU,15,183,122.3,117.5,4.8,61.1,2.62,20.6,25.1,74.2,48.8,0.1,59.4,61.6,100.46,51.2
J. Butler - T. Rozier - B. Adebayo - D. Robinson - N. Jovic,MIA,14,181,109.1,115.8,-6.8,67.7,2.5,20.8,14,78.5,46.4,0.1,56.1,58.9,99.3,47.6
J. Randle - O. Anunoby - I. Hartenstein - J. Brunson - D. DiVincenzo,NYK,10,180,126.6,110,16.6,66.5,2.13,21.2,28.4,78,54.4,0.1,61.7,65.1,101.73,55.6
C. Capela - D. Murray - T. Young - D. Hunter - S. Bey,ATL,16,177,118.4,115.5,2.9,57.7,2.2,17.9,35.4,72.4,52.4,0.1,53.9,56.9,106.49,50.3
K. Irving - D. Jones Jr. - P. Washington - L. Doncic - D. Gafford,DAL,17,176,115.2,99.7,15.5,60.9,2.21,19.9,24.5,80.4,52.1,0.1,57.9,59.3,104.15,55.9
F. VanVleet - J. Green - J. Tate - A. Sengun - J. Smith Jr.,HOU,21,175,110.6,113.2,-2.5,61.6,2.37,18.8,19.9,74.1,46.5,0.1,53.7,57,99.19,47.2
C. Capela - D. Murray - T. Young - D. Hunter - J. Johnson,ATL,14,172,113,119,-6.1,56.9,1.81,17,28.7,66.1,46.7,0.1,53,57.1,103.97,47.6
I. Hartenstein - J. Hart - J. Brunson - D. DiVincenzo - M. McBride,NYK,14,172,138.2,107.1,31.1,66.5,3.9,23.6,28.8,69.4,50,0.1,66.3,67.9,94.51,62.5
M. Turner - B. Hield - B. Brown - O. Toppin - T. Haliburton,IND,17,171,134,114.1,19.9,71.1,3.21,24.3,27.5,79.3,54.5,0.1,64.3,67,106.04,57.9
J. Poeltl - G. Trent Jr. - R. Barrett - I. Quickley - S. Barnes,TOR,10,164,119.4,109.2,10.3,66.9,2.87,21,31.7,72.8,51.8,0.1,55.5,58.2,103.17,55.2
C. LeVert - G. Niang - J. Allen - D. Garland - I. Okoro,CLE,23,160,116.9,123.9,-7,71.2,2.61,21.8,26.1,64.3,45.3,0.1,58.9,61.7,95.13,50.5
T. Jones - K. Kuzma - D. Gafford - J. Poole - B. Coulibaly,WAS,29,160,104.3,119.1,-14.8,66.2,2.47,19.7,19.3,56.6,37.3,0.1,52.8,55.2,104.91,43.3
C. Capela - B. Bogdanovic - D. Murray - D. Hunter - V. Krejci,ATL,11,158,117.7,107.2,10.5,58.5,2.37,18.2,34.1,77.9,54.9,0.1,54.6,56.8,96.62,52.5
S. Curry - K. Thompson - D. Green - A. Wiggins - J. Kuminga,GSW,24,157,116.1,98,18.1,63.2,2.23,20,25.8,70.4,49.6,0.1,57.8,60,105.06,57.1
D. DeRozan - N. Vucevic - A. Caruso - C. White - P. Williams,CHI,14,153,113.3,112.3,1,60.5,2.23,18.2,24,77.7,50.3,0.1,54.9,58.9,99.59,48.8
K. Anderson - K. Towns - N. Alexander-Walker - N. Reid - A. Edwards,MIN,43,153,110.8,114.5,-3.7,65.6,1.87,18.5,27.6,73.2,50.2,0.1,55.7,60.1,103.51,49.6
H. Barnes - D. Sabonis - D. Fox - M. Monk - K. Murray,SAC,36,151,115.3,117,-1.8,55.1,2.11,16.4,32.4,78.6,52.5,0.1,51.7,56.6,105.17,47.3
L. James - A. Davis - D. Russell - T. Prince - C. Reddish,LAL,14,151,108.8,108.5,0.3,73.1,2,21.3,21.5,70.9,48.1,0.1,54.8,58.3,104.96,51.8
C. McCollum - L. Nance Jr. - B. Ingram - Z. Williamson - H. Jones,NOP,25,150,106.5,110.9,-4.4,63.2,1.84,18.6,25.5,72.7,48.6,0.1,52.7,56.8,99.77,48.1
C. Capela - B. Bogdanovic - D. Murray - S. Bey - J. Johnson,ATL,20,149,107,113.7,-6.7,56.1,1.82,15.3,36.7,71.8,53.7,0.1,47.3,51.8,101.43,48.3
J. Harden - P. George - K. Leonard - M. Plumlee - T. Mann,LAC,11,148,133.2,117.8,15.4,63,3.41,21.6,29.9,71.6,52.4,0.1,63.1,65.9,95.39,57.5
J. Valanciunas - C. McCollum - Z. Williamson - H. Jones - T. Murphy III,NOP,21,148,110.1,109.1,1,59,2.41,18.8,22.7,76,47.9,0.1,52.9,54.9,103.49,50.3
M. Turner - B. Brown - O. Toppin - T. Haliburton - B. Mathurin,IND,20,148,118.6,122.6,-4,64.2,2,19.1,30.4,71.1,50.8,0.1,55.8,60.6,106.41,47.6
K. Olynyk - J. Clarkson - O. Agbaji - W. Kessler - K. George,UTA,16,146,110,122.4,-12.4,71.3,1.64,20.4,28.2,64.1,49,0.2,56.7,61.6,101.64,47.8
I. Stewart - C. Cunningham - J. Ivey - J. Duren - A. Thompson,DET,14,145,110.4,118.1,-7.7,65.5,1.66,18.5,32.6,77.5,54.8,0.2,52.7,57.4,99.98,45.8
K. Johnson - D. Vassell - T. Jones - J. Sochan - V. Wembanyama,SAS,39,142,117.4,96.6,20.8,73,2.5,21.3,34.9,68.9,52,0.1,56.5,60.3,108.96,62.8
S. Curry - K. Thompson - D. Green - A. Wiggins - K. Looney,GSW,13,140,109,118.1,-9.1,67.6,1.34,17.3,38.7,80.1,58.1,0.2,52.1,56.3,101.49,45.8
D. DeRozan - N. Vucevic - C. White - P. Williams - A. Dosunmu,CHI,20,139,118.2,100.7,17.5,69.9,2.97,21.1,26.4,73.2,50.5,0.1,54.9,58.8,99.33,57.4
B. Bogdanovic - T. Young - O. Okongwu - S. Bey - J. Johnson,ATL,19,136,123,109.3,13.7,67.7,2.25,21,31.3,74,54,0.1,59.5,63.5,105.65,58.1
N. Batum - T. Harris - J. Embiid - K. Oubre Jr. - T. Maxey,PHI,12,136,123.3,115.4,7.9,73,2.79,22.3,28.7,68.1,49.5,0.1,57.5,61.9,100.12,54.5
C. Capela - B. Bogdanovic - D. Murray - D. Hunter - J. Johnson,ATL,24,135,104.3,107,-2.6,70.6,1.71,20.1,24.6,81.2,53.3,0.2,54.6,57.9,106.58,50.8
O. Anunoby - I. Hartenstein - J. Hart - J. Brunson - D. DiVincenzo,NYK,10,131,118.3,102.7,15.6,59.3,1.87,19.5,32.2,81.6,57.3,0.1,57.4,59.5,96.26,58.2
H. Barnes - D. Sabonis - D. Fox - C. Duarte - K. Murray,SAC,13,130,112.2,110.7,1.5,54.9,1.34,17.2,36.6,76.6,55.3,0.2,55.1,56.1,100.21,48.3
J. Clarkson - L. Markkanen - J. Collins - O. Agbaji - K. George,UTA,12,130,111.8,119.6,-7.8,60,1.78,17.3,32.1,71.2,50.6,0.1,52.4,56.1,100.79,44.2
M. Conley - R. Gobert - K. Towns - N. Alexander-Walker - A. Edwards,MIN,18,124,110.6,103.1,7.6,63,1.66,18.7,25.2,73.9,50.2,0.2,55.5,58.1,101.03,54.4
M. Conley - R. Gobert - K. Anderson - A. Edwards - J. McDaniels,MIN,34,123,95.7,108.2,-12.5,63.7,1.49,15.9,34.5,74.4,53.1,0.2,45.4,50,100.44,45.9
D. DeRozan - N. Vucevic - Z. LaVine - C. White - P. Williams,CHI,15,122,115.9,121.4,-5.5,54,2.26,18.2,20.2,81.5,49.3,0.1,57.2,59.7,98.57,45.3
J. Harden - P. George - K. Leonard - N. Powell - I. Zubac,LAC,28,121,121.3,102.9,18.4,63.4,2.73,20,23,75,49.3,0.1,58.3,62.9,99.29,62.1
B. Lopez - D. Lillard - G. Antetokounmpo - P. Connaughton - M. Beasley,MIL,26,120,117.4,95.7,21.7,66,1.61,17.7,22.5,81.6,56.2,0.1,58.3,65.6,111.32,61.9
A. Horford - K. Porzingis - J. Brown - J. Tatum - D. White,BOS,20,118,123.7,107.5,16.2,63.2,3.79,20.2,23.1,80.2,52.2,0.1,57.8,61.6,103.93,59.2
C. LeVert - G. Niang - D. Garland - I. Okoro - E. Mobley,CLE,17,118,120,96.9,23.1,77.1,2,23.8,27.6,68.8,51.9,0.2,63.9,65.9,101.66,61.7
I. Hartenstein - J. Hart - D. DiVincenzo - R. Barrett - I. Quickley,NYK,14,116,110.6,102.3,8.2,58.6,1.61,16.7,34.6,69.5,51.4,0.1,51.4,55.1,103.6,51.9
V. Micic - M. Bridges - N. Richards - T. Mann - B. Miller,CHA,12,115,111.8,120.7,-8.9,62.5,1.82,19.8,23.5,67,44.4,0.1,57.3,59.4,92.2,42.7
C. Cunningham - J. Ivey - J. Duren - S. Fontecchio - A. Thompson,DET,10,113,110.3,106.5,3.8,60.4,2.29,18.6,29.5,79.1,52.9,0.1,51.8,54.1,103.5,49.7
J. Grant - M. Brogdon - D. Ayton - S. Sharpe - T. Camara,POR,10,113,106.8,113.4,-6.7,60.2,1.35,15.6,28.8,68,46.8,0.2,49,55.6,101.05,44.3
V. Micic - M. Bridges - G. Williams - T. Mann - B. Miller,CHA,15,111,109.3,125.8,-16.6,69.5,2.06,21.1,11.3,64.7,40.4,0.1,59.3,62.5,102.26,44.4
J. Butler - B. Adebayo - C. Martin - T. Herro - N. Jovic,MIA,8,109,115.9,114,1.9,65.2,2.42,19.3,22.8,69.6,47.4,0.1,55.3,60.2,95.23,52.4
J. Randle - J. Hart - J. Brunson - M. Robinson - Q. Grimes,NYK,19,109,99.6,111.8,-12.2,53.7,1.57,13.8,37.6,76.5,53.9,0.1,46,47.7,97.44,43.2
T. Harris - J. Embiid - K. Oubre Jr. - D. Melton - T. Maxey,PHI,10,109,119.7,118.3,1.3,61.9,2.07,18.5,24.5,74.5,49.5,0.1,55.1,61.4,105.72,50.9
J. Valančiūnas - C. McCollum - B. Ingram - H. Jones - T. Murphy III,NOP,28,108,112.2,96.4,15.7,71.1,2.88,21.4,22.9,81.5,54,0.1,57,59.4,100.49,58.1
S. Curry - K. Thompson - K. Looney - J. Kuminga - B. Podziemski,GSW,18,108,113.5,132.6,-19.1,70.1,2.43,20.6,29.3,74.7,50.2,0.1,54.5,57,101.11,42.8
H. Barnes - D. Sabonis - K. Huerter - D. Mitchell - K. Murray,SAC,18,106,95.9,110,-14.1,74.1,2.14,19.8,19.3,79.8,46.8,0.1,49,50.8,99.27,40.5
R. Gobert - K. Towns - N. Alexander-Walker - A. Edwards - J. McDaniels,MIN,25,106,122.8,116.4,6.4,63.3,2.38,20.9,24.1,71.4,50.5,0.1,63.1,66.2,98.33,53.7
A. Horford - J. Holiday - J. Tatum - P. Pritchard - S. Hauser,BOS,32,105,123.8,107,16.8,69.2,2.25,20.9,30.9,66.1,50.5,0.1,62.8,65.7,96.86,56.3
M. Turner - P. Siakam - A. Nembhard - T. Haliburton - B. Mathurin,IND,9,104,108.4,108.3,0.2,63,2.07,18.5,26.8,71.1,49.1,0.1,51,55.2,105.51,51.9
D. Murray - T. Young - O. Okongwu - S. Bey - J. Johnson,ATL,14,103,119.9,119.4,0.5,68.1,2.3,19.2,31.8,70.4,51.6,0.1,53.6,59.6,105.09,50.5
K. Johnson - D. Vassell - M. Branham - J. Sochan - V. Wembanyama,SAS,13,103,101.3,103.9,-2.6,67.1,1.5,18.4,22.2,73.7,48.6,0.2,51.8,55.1,106.87,48.3
D. Schroder - J. Poeltl - P. Siakam - O. Anunoby - G. Trent Jr.,TOR,24,102,100.4,115.5,-15.1,64.8,1.97,18.8,26.4,76.5,48.2,0.1,52.3,54.1,104.84,43
G. Harris - J. Ingles - J. Isaac - M. Wagner - C. Anthony,ORL,18,102,105.8,101.8,4,67.1,1.46,18.2,38.4,75,56.8,0.2,54.2,58.1,104.97,54
J. Randle - I. Hartenstein - J. Brunson - D. DiVincenzo - R. Barrett,NYK,10,102,117,127.4,-10.4,57,1.56,16.6,38.4,75.8,55.9,0.2,51.5,57.3,104.27,46.8
M. Bridges - C. Martin - N. Richards - T. Mann - B. Miller,CHA,8,102,102.4,109,-6.6,65.5,1.72,19.2,23.8,67.6,46,0.2,50.8,53.2,98.26,46.1
G. Bitadze - C. Okeke - J. Suggs - P. Banchero - C. Houstan,ORL,8,101,112.4,113.2,-0.8,51.8,2.26,15.8,31.6,81.8,53.2,0.1,50.3,51.9,92.59,45.8
L. James - A. Davis - T. Prince - C. Reddish - A. Reaves,LAL,12,101,112.3,124.8,-12.5,71.4,2.41,21.5,25.5,75.6,48.4,0.1,54.8,57.7,101.61,45.7
S. Gilgeous-Alexander - L. Dort - I. Joe - C. Holmgren - J. Williams,OKC,37,101,122.3,106.3,16,42,1.83,13.6,24.8,70.8,47.2,0.1,57,64.1,110.04,60.1
C. McCollum - L. Nance Jr. - Z. Williamson - H. Jones - T. Murphy III,NOP,15,100,124.2,108.8,15.5,61.6,2.79,19.3,24.5,78.8,49.4,0.1,57.6,61.5,96.46,55.2
K. Hayes - I. Stewart - C. Cunningham - J. Duren - A. Thompson,DET,8,100,101.8,112,-10.1,73.1,1.48,21.3,34,72.1,54,0.2,53.2,55.1,104.02,48.5
A. Davis - S. Dinwiddie - D. Russell - R. Hachimura - A. Reaves,LAL,14,99,119.2,123.8,-4.6,59.8,3.63,19.9,15.8,71.8,44.9,0.1,59,62.2,103.95,50
K. Irving - D. Jones Jr. - L. Doncic - G. Williams - D. Lively II,DAL,12,99,108.7,111,-2.3,50,1.62,16.2,23.8,80.4,51,0.1,54.5,56.8,106.15,45.9
K. Lowry - T. Harris - K. Oubre Jr. - M. Bamba - T. Maxey,PHI,7,99,107,107.5,-0.5,62.7,1.96,17.6,19.6,77.3,47.7,0.1,52,55.7,96.7,49.1
L. Markkanen - J. Collins - C. Sexton - T. Hendricks - K. George,UTA,9,99,109.3,112.5,-3.2,63.1,1.43,18.1,26,68.9,48.2,0.2,55,59.6,104.17,47.3
R. Gobert - K. Anderson - N. Alexander-Walker - N. Reid - A. Edwards,MIN,35,99,117.3,86.4,30.9,63.2,1.9,18.3,35.2,75.7,57.8,0.1,59.2,63.1,105.52,67.9
D. DeRozan - N. Vucevic - Z. LaVine - T. Craig - C. White,CHI,11,98,95.6,129.8,-34.2,66.2,3,18.1,23.3,67.4,42.8,0.1,45.2,47.4,100.28,34.5
R. Westbrook - K. Leonard - N. Powell - D. Theis - A. Coffey,LAC,20,98,116.5,110,6.5,54.6,1.96,18,30.3,59.3,45.8,0.1,57.7,59.7,105.78,49.7
Z. Collins - K. Johnson - D. Vassell - T. Jones - J. Sochan,SAS,32,98,107.1,112.6,-5.4,64.8,1.97,19.8,23.1,68.9,47.4,0.1,57.8,59.8,103.98,47.1
A. Davis - D. Russell - T. Prince - R. Hachimura - A. Reaves,LAL,25,97,107.6,110,-2.4,65.1,1.93,18.5,27.3,68.5,49,0.1,52.7,56.6,104.3,51
D. Ayton - S. Henderson - J. Walker - K. Murray - R. Rupert,POR,8,97,100.5,113.6,-13.1,60.8,1.6,17.2,30.6,77.9,51.3,0.2,47.4,50,98.6,40.6
J. Holiday - J. Tatum - L. Kornet - P. Pritchard - S. Hauser,BOS,22,96,126.6,92.9,33.7,55.2,3.43,17.5,35.8,68.2,52.1,0.1,53.1,56.8,96.26,63.9
J. Randle - I. Hartenstein - J. Hart - J. Brunson - I. Quickley,NYK,26,96,128.6,102.9,25.6,53.2,1.92,17.4,32.9,76.2,56.5,0.1,61.1,65.8,104.15,64.9
C. LeVert - D. Mitchell - J. Allen - M. Strus - I. Okoro,CLE,23,94,111.9,110.4,1.5,62.4,2.79,19.1,25.8,65.7,46.7,0.1,54.3,57.8,102.45,53.5
B. Lopez - D. Lillard - B. Portis - P. Connaughton - M. Beasley,MIL,33,93,114.5,92.2,22.2,52.7,3.43,17.1,18.6,83.7,51.5,0.1,56,59.2,112.16,56.2
C. Paul - S. Curry - K. Thompson - A. Wiggins - K. Looney,GSW,14,93,124.8,106.5,18.2,73.9,2.83,23,28.3,70.4,50,0.1,61.5,64.1,103.1,56.9
T. Jones - K. Kuzma - J. Poole - D. Avdija - B. Coulibaly,WAS,15,92,94.6,121.4,-26.8,64.3,1.55,17.1,15,64.1,36.5,0.1,48.8,52.5,106.77,33
I. Stewart - C. Cunningham - J. Ivey - J. Duren - S. Fontecchio,DET,9,90,111,102.1,8.9,66.3,1.77,19.6,30.3,83.1,56.7,0.2,53.3,57.5,101.69,52.9
K. Durant - B. Beal - D. Booker - G. Allen - D. Eubanks,PHX,17,90,98.9,116.6,-17.6,65.7,1.77,18.3,21.3,69.4,44.1,0.1,50,53,97.6,41.8
L. James - A. Davis - S. Dinwiddie - R. Hachimura - A. Reaves,LAL,20,90,128.3,122.2,6.2,70.5,2.82,23.7,21.9,74.7,52.3,0.1,68.7,71.6,99.73,56.3
R. Jackson - K. Caldwell-Pope - N. Jokic - C. Braun - P. Watson,DEN,40,90,102.6,104,-1.4,73.3,1.53,21.1,19.2,69.3,47.5,0.2,57,59.3,103.83,47.1
B. Bogdanovic - K. Knox II - C. Cunningham - J. Ivey - J. Duren,DET,10,89,117.6,115.6,2.1,60.2,1.92,18.8,33.3,78.2,55.7,0.1,55.4,59,100.22,50.4
J. Grant - M. Brogdon - A. Simons - D. Ayton - J. Walker,POR,6,89,109,112.8,-3.8,64,1.92,19.4,27.1,72.8,50.8,0.1,53.2,56.5,96.99,49.2
J. Valanciunas - B. Ingram - Z. Williamson - H. Jones - D. Daniels,NOP,11,89,134.6,113.9,20.7,66.7,3.78,24.7,30.6,74.1,54.1,0.1,65.9,68.1,99.83,59.8
J. Ingles - J. Isaac - M. Wagner - C. Anthony - A. Black,ORL,11,88,127.5,108.4,19.1,67.9,2.59,21.9,35.1,73.5,55,0.1,62.6,65.1,97.54,57.1
K. Irving - P. Washington - L. Doncic - J. Green - D. Lively II,DAL,9,88,131.7,118.7,13,55.2,2.65,19.7,30,77.3,53.4,0.1,63.1,64.6,102.78,54.2
Z. Collins - K. Johnson - D. Vassell - J. Sochan - V. Wembanyama,SAS,11,88,93.8,110.8,-17.1,77.9,1.51,19.4,29.2,75.6,51.6,0.2,47.8,51.1,104.76,41.8
A. Horford - J. Holiday - K. Porzingis - J. Tatum - D. White,BOS,12,87,120.7,107.7,13,60,2.4,19.3,20.5,68.3,46.7,0.1,57.8,62.3,100.56,56.9
G. Hayward - T. Rozier - M. Bridges - N. Richards - B. Miller,CHA,7,87,120.5,116.8,3.7,57.3,1.59,18.5,26,65.8,46.7,0.2,60.7,63.9,95.05,49.6
H. Barnes - D. Sabonis - K. Huerter - K. Murray - K. Ellis,SAC,12,87,122.5,113,9.5,71.4,2.07,22.9,32,69.2,51,0.2,63.3,65.2,97.43,54.5
T. Jones - K. Kuzma - D. Avdija - C. Kispert - B. Coulibaly,WAS,9,87,113.2,120.5,-7.3,79.5,2.38,23.6,14.8,68.7,42.1,0.1,60.3,62.6,103.37,47.7
J. Giddey - A. Wiggins - C. Holmgren - J. Williams - C. Wallace,OKC,16,86,121.2,118.3,2.9,62.9,2.55,22.8,16.7,62.5,42.9,0.1,64.9,66.4,99.84,53.6
R. Jackson - Z. Nnaji - J. Strawther - C. Braun - P. Watson,DEN,17,86,98.4,114.7,-16.3,61.4,1.95,17,26.8,60.6,44.3,0.1,49.1,51.9,102.53,43.9
D. DeRozan - N. Vucevic - T. Craig - C. White - A. Dosunmu,CHI,21,85,111.5,121.4,-9.9,64.5,3.06,19.2,25,78.7,48.5,0.1,52.1,55,103.86,42.3
J. Clarkson - L. Markkanen - J. Collins - T. Horton-Tucker - W. Kessler,UTA,8,84,101.7,123.8,-22.1,70,1.75,19.6,31.5,78.9,53.3,0.2,51.9,52.8,99.01,39.6
Z. Collins - K. Johnson - M. Branham - J. Sochan - V. Wembanyama,SAS,10,84,110.6,126.3,-15.7,71.4,1.96,21.6,25.6,78.9,51.9,0.2,56.2,59.8,102.9,45.7
B. Bogdanovic - T. Young - G. Mathews - O. Okongwu - J. Johnson,ATL,12,83,108.6,103.2,5.4,64.3,1.73,17.9,25.3,80.9,52.8,0.1,52.9,57.5,107.17,52.5
A. Horford - K. Porzingis - J. Brown - D. White - S. Hauser,BOS,30,82,114.4,94.9,19.4,57.5,1.5,18.3,19.4,71.4,51.2,0.2,62,64.5,102.81,60.2
B. Bogdanovic - D. Murray - D. Hunter - O. Okongwu - S. Bey,ATL,18,82,132.8,123,9.8,63.1,2.41,20.5,34.7,77,56.2,0.1,64.5,68.4,103.74,54.5
J. Harden - P. George - I. Zubac - A. Coffey - T. Mann,LAC,12,82,111.9,123.8,-11.9,62.9,2,18.5,28.9,74.4,50,0.1,52.5,55.8,100.08,42.8
D. Jordan - R. Jackson - J. Murray - C. Braun - P. Watson,DEN,16,81,111.4,117.6,-6.2,46.4,1.14,14.4,33.3,70,53.7,0.2,58.3,60.5,99.12,43.4
G. Harris - J. Isaac - M. Wagner - C. Anthony - F. Wagner,ORL,18,81,111.4,90.3,21.1,53.1,1.7,15.6,33.8,70.7,53.8,0.1,50.4,55.6,96.12,65.5
D. Brooks - J. Green - A. Sengun - J. Smith Jr. - A. Thompson,HOU,10,80,115,127.2,-12.2,47.2,1.62,14.7,36,72.4,53.1,0.1,50.6,55,99.31,43.5
D. Schroder - D. Finney-Smith - M. Bridges - N. Claxton - C. Johnson,BKN,12,80,112.6,115.7,-3.1,67.2,2.5,20.1,24.1,64.1,43.5,0.1,57.4,57.9,95.77,47.6
D. Schroder - J. Poeltl - P. Siakam - G. Trent Jr. - S. Barnes,TOR,16,80,112.8,110.9,1.9,69.3,3.71,22.3,23.1,72.5,48.1,0.1,56.7,57.8,99.16,53.2
J. Ingles - M. Fultz - J. Isaac - M. Wagner - C. Anthony,ORL,13,80,105.5,101.3,4.3,66.7,1.53,19.9,31.5,76.6,54.7,0.2,54.3,57.5,96.7,53.4
G. Hayward - P. Washington - L. Ball - M. Williams - B. Miller,CHA,8,79,113.4,115.8,-2.3,63.9,2.56,19.8,26.5,69.9,49.4,0.1,53,56.4,100.21,52.3
J. Green - A. Holiday - J. Smith Jr. - A. Thompson - C. Whitmore,HOU,16,79,100,112.3,-12.3,57.6,1.79,14.5,28.3,69.5,47,0.1,44.4,50.2,104.15,40.5
K. Lowry - J. Butler - B. Adebayo - D. Robinson - H. Highsmith,MIA,9,79,122,111.1,10.8,58.6,1.86,18.5,26.1,77.5,52.1,0.1,58,63.5,98.6,57.1
L. James - A. Davis - D. Russell - T. Prince - M. Christie,LAL,10,79,114.9,105.3,9.7,70.1,3,22.2,18.5,75.5,49.1,0.1,57.9,60.1,105.43,57.9
T. Jones - K. Kuzma - D. Gafford - C. Kispert - B. Coulibaly,WAS,23,79,101.8,115.9,-14.2,65.8,2,21.1,20.5,60,41.1,0.1,53.3,54.7,105.3,43.2
J. Hart - J. Brunson - D. DiVincenzo - P. Achiuwa - M. McBride,NYK,13,78,111.9,111,0.9,62.7,2.47,17.7,37,60,46.5,0.1,46.6,50.3,99.71,46.6
K. Durant - E. Gordon - D. Booker - G. Allen - D. Eubanks,PHX,21,78,113.5,121.3,-7.8,56.3,1.82,17.6,21.6,66.3,45.6,0.1,56,60.8,106.74,47.7
K. Lowry - J. Butler - C. Martin - D. Robinson - O. Robinson,MIA,7,78,112.5,109.7,2.8,76.7,1.64,20.4,35.4,72.1,52.4,0.2,53.6,56.8,93.93,46.1
L. Nance Jr. - Z. Williamson - N. Marshall - T. Murphy III - J. Alvarado,NOP,15,78,119.3,89.9,29.4,72,2.84,22.1,26.3,76.7,51,0.1,60.7,62.9,103.99,64
C. Capela - B. Bogdanovic - D. Murray - D. Hunter - S. Bey,ATL,22,77,118.2,111.4,6.8,63,1.7,18.5,43.5,76.9,58,0.2,54.8,57.6,100.13,48.5
J. Green - F. VanVleet - D. Brooks - J. Green - A. Sengun,HOU,18,77,120.9,115.9,5,57.8,3.08,17.3,17.9,71.8,44.9,0.1,54.1,60.3,101.95,52.1
C. Osman - K. Johnson - M. Branham - B. Wesley - V. Wembanyama,SAS,15,75,95.2,99.4,-4.2,76.7,2.19,19.7,24.7,75.6,49.7,0.1,49.3,52,105.42,51.2
J. Ingles - J. Isaac - M. Wagner - C. Anthony - F. Wagner,ORL,10,74,125.9,104.6,21.2,70.6,2.29,22.7,27.6,69,50.4,0.1,62.6,66.4,96.54,63.1
K. Durant - E. Gordon - J. Nurkic - G. Allen - J. Okogie,PHX,11,74,121.9,109.2,12.7,68.1,1.68,20.6,32.3,76.9,54.6,0.2,60.6,65.2,101.34,59.7
T. Harris - K. Oubre Jr. - D. Melton - T. Maxey - P. Reed,PHI,8,74,124.8,112.2,12.7,50,3.45,18.2,23.4,67.2,42.2,0.1,57,59.2,99.61,51.1
J. Grant - D. Ayton - S. Mays - S. Sharpe - T. Camara,POR,10,73,110.1,108.1,2,69.2,2.14,20.7,31.1,73.9,51.7,0.1,54,55.7,97.4,48.8
K. Caldwell-Pope - A. Gordon - N. Jokic - M. Porter Jr. - C. Braun,DEN,13,73,93.7,98.7,-5,63.2,2,16.1,31.9,80.5,54.9,0.1,44.7,47.2,103.81,48.9
J. Clarkson - L. Markkanen - W. Kessler - S. Fontecchio - K. George,UTA,17,72,106.3,98.7,7.6,59.4,1.23,16.5,42.2,79.8,61.1,0.2,50.3,53.5,104.67,52.5
J. Randle - I. Hartenstein - J. Hart - J. Brunson - D. DiVincenzo,NYK,17,72,126.7,112.9,13.8,58,1.67,17.6,35.9,73.7,56.4,0.1,65.9,69.6,109.7,57.2
K. Olynyk - G. Trent Jr. - R. Barrett - I. Quickley - O. Agbaji,TOR,6,72,112.8,111.9,0.9,66.7,2.22,18.3,20,74.4,49.3,0.1,56.9,61.1,108.1,56.7
T. McConnell - B. Hield - O. Toppin - I. Jackson - B. Mathurin,IND,13,72,126.5,112.9,13.5,67.1,2.04,22.8,32.7,63.2,50.4,0.2,66.8,69.4,102.92,58.9
V. Micic - M. Bridges - G. Williams - A. Pokusevski - B. Miller,CHA,15,72,109.4,105.9,3.5,67.2,2.56,20.3,18.2,74,48.3,0.1,56.8,59.5,100.02,53.6
D. Bertans - G. Williams - N. Richards - T. Mann - B. Miller,CHA,11,71,96.5,120.3,-23.8,64.2,1.21,17.7,24.2,68.9,45.7,0.2,52.6,54.1,95.25,43
D. DeRozan - N. Vucevic - A. Drummond - C. White - A. Dosunmu,CHI,12,71,108.1,113.6,-5.5,50.8,1.48,14.8,37.5,79.2,57.2,0.1,49.3,52.9,99.1,46.2
K. Olynyk - J. Clarkson - J. Collins - O. Agbaji - K. George,UTA,18,71,98.7,105.7,-7.1,63.6,1.4,16.7,33.8,75.6,55.3,0.2,48.4,53.1,104.65,46.9
R. Westbrook - J. Harden - N. Powell - D. Theis - A. Coffey,LAC,16,71,122.4,131.4,-9,60.3,2.16,19.7,18.5,73.1,46.2,0.1,61.9,65.7,105.55,44.7
R. Westbrook - J. Harden - P. George - K. Leonard - I. Zubac,LAC,12,71,85.2,111.9,-26.7,64.4,1.04,14.6,26.9,72.6,49,0.2,40.6,46.5,100.77,35
S. Gilgeous-Alexander - J. Giddey - C. Holmgren - J. Williams - C. Wallace,OKC,15,71,115,98.8,16.2,66.7,2.53,21.1,18.8,83.5,53.4,0.1,57.5,61.8,111.39,59.1
H. Barnes - D. Sabonis - M. Monk - D. Mitchell - K. Murray,SAC,26,70,113.8,111.7,2.1,67.6,2,21.7,25,81.3,54,0.2,64.7,65.2,107.31,51.4
C. McCollum - L. Nance Jr. - B. Ingram - H. Jones - T. Murphy III,NOP,17,69,117.8,93.5,24.3,69.2,2.25,23.1,8.7,72.4,48.4,0.1,71,71.5,99.19,66.3
S. Curry - K. Thompson - D. Green - A. Wiggins - T. Jackson-Davis,GSW,11,69,118.1,89.8,28.3,76.1,2.04,22.9,25,83.1,57,0.2,59.8,62.6,107.81,63.1
T. Jones - K. Kuzma - M. Bagley III - J. Poole - D. Avdija,WAS,6,69,98.7,112.6,-13.9,65,2.17,18.1,23,76.3,47.9,0.1,46.9,50,110.03,42.9
Z. Collins - D. Vassell - T. Jones - J. Champagnie - J. Sochan,SAS,15,69,92.7,96,-3.3,81,1.88,22.7,15.4,72.2,46.5,0.2,53.3,54.2,103.59,51.1
M. Bagley III - K. Hayes - I. Stewart - C. Cunningham - A. Thompson,DET,8,68,112.9,116.8,-3.9,61.7,1.76,18.8,30.3,74.2,51.6,0.1,54,57.7,97.78,46.4
M. Smart - J. Jackson Jr. - X. Tillman - D. Bane - Z. Williams,MEM,6,68,94.7,100,-5.3,67.9,1.64,17.6,22.1,74.7,47.3,0.1,46.7,49.1,104.82,49.2
T. Harris - R. Covington - J. Embiid - D. Melton - T. Maxey,PHI,7,68,116.3,127.3,-11,67.8,2.11,20.2,25.4,71.8,49.3,0.1,53.6,59.1,98.98,45.7
D. DeRozan - N. Vucevic - A. Caruso - C. White - J. Green,CHI,4,67,123.2,125.2,-2,52.9,2.31,19.5,27.6,72.1,46.5,0.1,62.7,63.7,97.94,47.6
J. Grant - A. Simons - S. Henderson - T. Camara - D. Reath,POR,11,67,84.6,132.4,-47.8,65,1.24,14.1,18.8,68.3,39.3,0.1,40,44.8,101.71,23.9
K. Durant - B. Beal - J. Nurkic - R. O'Neale - G. Allen,PHX,7,67,123.7,112.8,11,61.5,1.67,19.5,37.7,81.8,59.3,0.2,59.5,61.1,100.16,51.6
J. Holiday - A. Gordon - N. Jokic - J. Murray - M. Porter Jr.,DEN,7,66,116.5,104.5,12,62.5,3.33,20.2,30.3,71.4,51.5,0.1,54.3,57.9,98.87,59.3
F. VanVleet - D. Brooks - J. Landale - J. Green - A. Thompson,HOU,16,65,106.2,104.7,1.5,52.6,1.2,15.2,31.8,68.4,51.4,0.2,52.5,57.6,109.23,49.4
K. Olynyk - G. Trent Jr. - I. Quickley - O. Agbaji - G. Dick,TOR,8,65,93.1,119.3,-26.2,79.2,1.81,19,24.3,69.8,45.3,0.1,48.3,51.5,104.8,40.6
Z. Collins - K. Johnson - D. Vassell - M. Branham - J. Sochan,SAS,21,65,89.4,123,-33.6,67.3,1.14,15.9,31.3,81,52.2,0.2,43.4,48.1,110.58,29.8
C. Capela - B. Bogdanovic - D. Murray - T. Young - S. Bey,ATL,14,64,120,113,7,53.4,1.63,15.3,43.2,62.1,52.1,0.1,53.9,58.3,104.69,49.9
J. Harden - P. George - K. Leonard - D. Theis - T. Mann,LAC,17,64,106.3,109.3,-3,63.6,2.92,19.9,21.9,69.8,45.7,0.1,50.4,53.6,96.09,48.7
K. Caldwell-Pope - N. Jokic - J. Murray - M. Porter Jr. - P. Watson,DEN,13,64,117.3,113.6,3.6,77,2.47,24.2,18,67.7,46.1,0.1,66.2,69,101.1,57.1
L. Kennard - J. Jackson Jr. - J. Konchar - S. Aldama - V. Williams Jr.,MEM,6,64,121.1,109.3,11.8,79.3,2,24.9,20.4,69.4,48.4,0.2,67.1,67.6,96.65,56.4
R. Gobert - N. Alexander-Walker - N. Reid - A. Edwards - J. McDaniels,MIN,33,64,93.6,88.3,5.3,55.8,1.26,15.7,23.9,74.4,52.3,0.2,54,55,107.4,54.5
T. Lyles - D. Sabonis - M. Monk - D. Mitchell - K. Murray,SAC,24,64,119,93.1,25.9,74.2,2.13,24.3,21.6,80.3,55.7,0.2,68,69.1,108.19,62.4
C. Paul - S. Curry - K. Thompson - K. Looney - J. Kuminga,GSW,19,63,127,102.3,24.6,76.2,2.4,23.4,31.5,77.6,57,0.1,63.7,68.3,102.57,64.1
J. Harden - K. Leonard - N. Powell - I. Zubac - T. Mann,LAC,18,63,110.2,114.8,-4.7,60,1.36,17.1,29.8,65.8,50,0.2,52.9,58.1,96.99,49
J. Hart - J. Brunson - D. DiVincenzo - P. Achiuwa - J. Sims,NYK,10,63,116.1,100,16.1,64.4,2.11,19.4,50,76.6,62.9,0.1,54,54.9,93.72,58
J. Randle - J. Hart - J. Brunson - M. Robinson - I. Quickley,NYK,19,63,125.4,97.7,27.7,63.2,1.89,19,41.1,87.9,64.9,0.1,60.7,63.8,99.19,65.9
R. Jackson - J. Murray - Z. Nnaji - C. Braun - P. Watson,DEN,13,63,93.4,96.9,-3.5,57.4,1.08,15.9,33.3,60.9,47.7,0.2,50,51.3,96.67,47.3
T. Hardaway Jr. - L. Doncic - G. Williams - J. Green - D. Lively II,DAL,12,63,123,126.1,-3.2,73.3,3.38,23,23.1,71.6,50.4,0.1,64,65.2,103.12,53.3
W. Carter Jr. - F. Wagner - J. Suggs - P. Banchero - A. Black,ORL,8,63,105.2,103.7,1.5,72.5,1.76,20,22.6,84.2,52.1,0.2,53.7,57.1,102.58,51.4
W. Matthews - B. Bogdanovic - T. Young - O. Okongwu - S. Bey,ATL,13,63,121.2,113.3,7.9,58.8,2.5,16.1,33.8,61.6,47.9,0.1,53.4,58.8,102.36,52.3
C. Paul - D. Saric - G. Payton II - J. Kuminga - M. Moody,GSW,9,62,101.5,113.7,-12.2,68.9,1.94,17.1,29.3,65.1,45.7,0.1,45.7,50.6,100.57,43.1
D. DeRozan - A. Drummond - A. Caruso - C. White - A. Dosunmu,CHI,18,62,112.4,111.7,0.7,41.5,1.22,12.1,45.6,66.7,54.9,0.1,49.1,54.4,99.84,49.3
D. Murray - B. Fernando - D. Hunter - G. Mathews - V. Krejci,ATL,13,62,120.6,121.5,-0.9,62.7,1.61,21.1,16.7,64,42.4,0.2,70.7,71.2,101.72,48.7
G. Hayward - T. Rozier - P. Washington - L. Ball - M. Williams,CHA,6,62,109.7,127.2,-17.5,61,2,19.5,25.4,70.9,47.4,0.1,53.4,57.7,105.08,45
J. Allen - M. Strus - D. Garland - I. Okoro - E. Mobley,CLE,9,62,118.4,110.2,8.2,80.7,2.09,24.1,35.7,74.6,56.3,0.2,62.1,62.5,98.35,55.1
J. Green - F. VanVleet - D. Brooks - J. Green - J. Smith Jr.,HOU,20,62,99.2,120.2,-20.9,63.6,2,15.6,28.8,79.6,49.2,0.1,46.1,51.1,101.82,39.4
J. Richardson - B. Adebayo - C. Martin - D. Robinson - J. Jaquez Jr.,MIA,7,62,115.6,120.2,-4.6,71.7,2.38,22.1,22.6,68.9,47.4,0.1,59.6,62,94.79,49.6
M. Conley - R. Gobert - K. Towns - T. Brown Jr. - N. Alexander-Walker,MIN,8,62,121.8,92.8,29,74.6,1.91,24.9,21.4,65.7,49.1,0.2,69.3,70.7,95.78,68.9
V. Micic - A. Wiggins - C. Holmgren - J. Williams - C. Wallace,OKC,12,62,115.7,100,15.7,61.7,2.47,21,23.1,61.4,45.1,0.1,59.8,62,98.79,61.1
B. Bogdanovic - T. Young - G. Mathews - O. Okongwu - S. Bey,ATL,10,61,131.5,106.9,24.7,57.6,2.53,20.2,33.9,81.4,57.6,0.1,64.2,65.5,103.37,56.6
C. LeVert - J. Allen - M. Strus - D. Garland - E. Mobley,CLE,11,61,104,105.5,-1.5,80,2.35,22.6,21.2,62.3,43.4,0.1,54.5,57.9,100.7,56.2
D. DeRozan - N. Vucevic - A. Caruso - T. Craig - A. Dosunmu,CHI,9,61,114.2,125.2,-11,64.2,2.13,20.1,17.3,81.6,48.5,0.1,59.9,62.8,97.89,46.7
J. Grant - D. Ayton - M. Thybulle - S. Henderson - S. Sharpe,POR,6,61,89.8,114.8,-25.1,55.3,1.44,15.9,17.2,68.8,43,0.1,45.5,48.5,100.19,36.3
L. James - A. Davis - D. Russell - C. Reddish - A. Reaves,LAL,13,61,117.7,121.3,-3.6,59.6,2.13,19.3,22.6,69.4,47.8,0.1,60,63.5,101.68,52.9
D. DeRozan - A. Drummond - A. Caruso - C. White - P. Williams,CHI,9,60,105.6,110.7,-5.1,54,1.13,15.5,36.7,78.5,58.4,0.2,51.4,54.9,98.64,49.4
H. Barnes - D. Sabonis - D. Fox - D. Mitchell - K. Murray,SAC,19,60,131,107.2,23.8,63.5,5.71,21.7,26.3,69.6,47.8,0.1,64,65.5,101.43,58.3
J. Allen - M. Strus - D. Wade - I. Okoro - C. Porter Jr.,CLE,6,60,125.6,114.3,11.4,87.7,3.85,26.5,34.9,84.3,57,0.1,57.2,59,94.16,54
J. Randle - J. Brunson - D. DiVincenzo - R. Barrett - J. Sims,NYK,5,60,121.3,139.7,-18.4,56.9,2.75,19.8,21.8,61.7,42.6,0.1,59.9,62.2,98.76,40.4
K. Durant - J. Nurkic - D. Booker - G. Allen - J. Okogie,PHX,14,60,113.8,105.6,8.3,72,1.64,19.5,30.6,78,53.7,0.2,52.3,58.8,102.69,55.5
K. Durant - J. Nurkic - D. Booker - R. O'Neale - G. Allen,PHX,11,60,110.7,109.2,1.5,57.7,1.88,16.9,23.9,73.4,47.4,0.1,53.9,55.8,105.31,48.1
K. Olynyk - B. Brown - O. Agbaji - S. Barnes - G. Dick,TOR,8,60,113.6,126.1,-12.5,75.9,2.16,20.8,35.8,61.8,48.9,0.1,51.3,56.3,106.14,43.3
L. James - A. Davis - T. Prince - R. Hachimura - A. Reaves,LAL,19,60,116.9,118.3,-1.3,66.1,3.08,20.9,19.2,71.2,48.3,0.1,62.5,64.8,102.72,54.7
S. Gilgeous-Alexander - L. Dort - J. Giddey - C. Holmgren - C. Wallace,OKC,15,60,124.6,120.6,4,61.9,3,22,22.6,67.3,45.4,0.1,63.4,65.2,102.68,48.5
T. Rozier - M. Bridges - N. Richards - B. McGowens - B. Miller,CHA,9,60,116,126.6,-10.6,67.3,2.31,21.5,17.9,66.1,42.6,0.1,60.1,62,98.89,44.6
J. Butler - T. Rozier - B. Adebayo - H. Highsmith - T. Herro,MIA,5,59,114,119.7,-5.6,71.4,2.33,21.1,17.5,75.4,46.5,0.1,54.8,59.7,98.74,47.3
J. Clarkson - L. Markkanen - J. Collins - C. Sexton - K. George,UTA,12,59,123,115.7,7.2,68.5,2.06,19,41.4,82.8,62.1,0.1,56.8,63.5,106.19,56
K. Lowry - K. Love - J. Butler - C. Martin - J. Jaquez Jr.,MIA,9,59,123.8,120,3.8,61.1,3.3,19.2,30.9,69,50.4,0.1,57.9,62.6,97.92,54.4
R. Westbrook - P. George - K. Leonard - I. Zubac - T. Mann,LAC,20,59,118,111,6.9,59.4,2.24,20.7,35.3,82.1,59.8,0.1,60.6,62,103.86,53.2
S. Dinwiddie - D. Finney-Smith - M. Bridges - C. Johnson - D. Sharpe,BKN,14,59,129.2,87.7,41.5,53.4,2.82,17.5,42.6,82.1,63.3,0.1,56.5,60,98.52,72.4
D. Lillard - J. Crowder - G. Antetokounmpo - B. Portis - M. Beasley,MIL,18,58,112.7,122.7,-10,67.3,2.06,19.5,21.2,69,46.4,0.1,58.8,63.4,105.23,46.5
S. Curry - K. Thompson - A. Wiggins - D. Saric - K. Looney,GSW,5,58,115.7,136.7,-21,73.5,2.12,20.6,31,73.3,52.5,0.1,55.2,58.5,99.39,42.2
C. LeVert - G. Niang - D. Mitchell - J. Allen - I. Okoro,CLE,22,57,126.8,104,22.8,66.1,3.9,21.8,27.5,73.8,52.7,0.1,63.3,65.9,105.59,61.9
J. Holiday - J. Murray - Z. Nnaji - C. Braun - P. Watson,DEN,7,57,117,121.4,-4.4,56,2.8,18.8,20,50.7,38,0.1,58.2,61.1,95.72,50.8
K. Olynyk - L. Markkanen - C. Sexton - T. Horton-Tucker - S. Fontecchio,UTA,8,57,114,119.5,-5.6,74.5,1.36,19.7,48.3,71.4,59.6,0.2,57,61.4,108.42,48.6
P. Beverley - G. Antetokounmpo - B. Portis - P. Connaughton - A. Green,MIL,9,57,107.9,111.4,-3.5,69.6,2.29,20,27.4,74,48.2,0.1,52.9,54.4,95.9,45.5
A. Horford - J. Holiday - K. Porzingis - J. Brown - J. Tatum,BOS,8,56,118,100.8,17.2,58.8,1.88,17.9,29.1,81.8,57.9,0.1,55.8,60.6,105.21,61.4
D. DeRozan - A. Drummond - T. Craig - J. Carter - A. Dosunmu,CHI,17,56,82.8,112.5,-29.7,69.4,1.79,15.3,23.6,67.9,43,0.1,39.4,43.6,106.54,31.3
J. Harden - P. George - N. Powell - I. Zubac - T. Mann,LAC,14,56,100.8,101.7,-0.9,61.9,1,15.8,32.8,71.9,52.8,0.2,50,54,100.26,46.1
A. Davis - D. Russell - T. Prince - R. Hachimura - C. Reddish,LAL,10,55,107.9,104.1,3.7,66.7,3.45,22.1,14.8,75,46.5,0.1,56.9,58.9,107.74,56.2
A. Horford - J. Holiday - K. Porzingis - J. Brown - D. White,BOS,8,55,127,113.4,13.6,64.9,2.18,22.4,16.3,67.2,46.7,0.1,69.6,72.1,104.95,60
B. Lopez - D. Lillard - J. Crowder - B. Portis - M. Beasley,MIL,22,55,109.6,106.5,3.1,71.7,1.94,20.2,29.8,79.6,54.1,0.1,54.4,57.3,102.9,46.6
C. LeVert - D. Mitchell - J. Allen - M. Strus - D. Wade,CLE,15,55,121.7,86.9,34.8,57.1,2.91,19.8,21.3,75,53,0.1,64.9,66.8,105.31,67.2
D. Bertans - V. Micic - M. Bridges - G. Williams - B. Miller,CHA,11,55,104.8,122.7,-17.9,66,2.82,18.3,25,79.6,47.9,0.1,47.8,52.6,105.84,39.5
D. Mitchell - J. Allen - M. Strus - D. Garland - D. Wade,CLE,9,55,120.7,100.9,19.8,64.7,2.36,20.1,27.3,69.8,48.1,0.1,59.3,62.4,101.51,63.4
D. Schroder - M. Bridges - N. Claxton - C. Johnson - C. Thomas,BKN,9,55,108.9,111.3,-2.4,72.1,2.38,20.1,21.2,75,49.1,0.1,51.1,56.8,99.14,49.8
G. Harris - G. Bitadze - F. Wagner - P. Banchero - A. Black,ORL,10,55,100.9,104.5,-3.7,43.9,0.75,12.1,36.4,78,56.2,0.2,48.4,53.8,96.31,45.2
K. Lowry - B. Adebayo - T. Herro - N. Jovic - J. Jaquez Jr.,MIA,5,55,103.5,98.3,5.2,68.9,1.82,19.4,24.2,78.4,48.7,0.1,50,52.3,100.03,49
M. Turner - B. Brown - T. Haliburton - A. Nesmith - B. Mathurin,IND,16,55,116.4,123.7,-7.3,64.6,2.38,18.9,33.3,59.3,46.3,0.1,56.6,60.9,101.25,48.3
M. Turner - B. Hield - B. Brown - T. Haliburton - A. Nesmith,IND,12,55,136.7,121.1,15.6,54.1,1.94,18.6,31.4,73.5,52,0.1,66.5,69.8,111.95,54.2
R. Holmes - K. Kuzma - J. Poole - D. Avdija - C. Kispert,WAS,4,55,128.7,112.2,16.5,53.3,2,19.4,36.7,80.6,61.3,0.1,62.9,65,100.61,57.8
S. Gilgeous-Alexander - K. Williams - I. Joe - J. Williams - C. Wallace,OKC,15,55,124,88.3,35.6,54.7,1.93,17.9,26,78.9,54.2,0.1,61.2,66,105.68,67
D. Lillard - G. Antetokounmpo - B. Portis - P. Connaughton - M. Beasley,MIL,24,54,132.8,108.3,24.5,61,3.6,21.1,33.3,73.1,56.5,0.1,67,68.8,106.48,60.5
G. Harris - J. Ingles - M. Wagner - C. Anthony - F. Wagner,ORL,10,54,111.2,120,-8.8,63.8,3.75,19,25.9,61.8,44,0.1,51.5,56,100.92,50
J. Clarkson - L. Markkanen - J. Collins - C. Sexton - S. Fontecchio,UTA,13,54,101.6,118.8,-17.2,63.4,1.86,15.8,28.1,75.9,50.8,0.1,47.1,52.4,105.36,43.1
J. Randle - J. Hart - J. Brunson - D. DiVincenzo - M. Robinson,NYK,10,54,122.7,110.7,12,64.6,1.82,19.3,36.4,73.6,54.6,0.2,60,61.5,97.83,54.3
K. Durant - E. Gordon - B. Beal - D. Booker - G. Allen,PHX,15,54,137.2,110.1,27.1,63.3,3.45,22.8,20,45.7,36.4,0.1,70.7,74.6,107.4,64.1
J. Harden - P. George - N. Powell - I. Zubac - A. Coffey,LAC,16,53,104.3,102.7,1.6,68.3,2.55,18.3,15.5,69,42.2,0.1,49.5,54.9,101.6,55.5
J. Poeltl - P. Siakam - R. Barrett - I. Quickley - S. Barnes,TOR,4,53,121,114.3,6.7,67.9,2.92,22.6,21.2,72.4,48.2,0.1,62,63.3,106.83,53.4
K. Caldwell-Pope - A. Gordon - N. Jokic - M. Porter Jr. - C. Gillespie,DEN,8,53,131.1,99.1,32,71.7,5.43,24.1,33.3,74.1,53.7,0.1,58.1,60,96.29,64.1
A. Simons - D. Ayton - D. Banton - K. Murray - T. Camara,POR,5,52,120.7,109.8,10.9,62.7,1.78,20.3,30,71.9,52.3,0.2,60.7,63.3,102.35,53.3
B. Biyombo - M. Smart - J. Jackson Jr. - J. Morant - D. Bane,MEM,5,52,109.7,110.4,-0.7,73.9,1.79,22.5,8.7,83.9,50,0.2,62.8,64.5,105.1,50.5
D. Schroder - P. Siakam - O. Anunoby - G. Trent Jr. - S. Barnes,TOR,18,52,126.5,113.9,12.6,68.5,2.47,21.6,30.4,71.7,49,0.1,59,61.9,107.2,52.4
H. Barnes - D. Sabonis - D. Fox - K. Huerter - C. Duarte,SAC,5,52,122.6,112.1,10.5,63.3,4.43,20.8,21.8,74.1,47.7,0.1,57.8,59.1,97.53,55.2
J. Grant - M. Brogdon - A. Simons - D. Ayton - T. Camara,POR,7,52,113.9,120.8,-6.9,53.8,1.75,18.7,31.3,70.8,51,0.1,57,58.7,98.16,45.2
L. Samanic - O. Yurtseven - J. Juzang - T. Hendricks - K. George,UTA,4,52,124.5,126.5,-2,59.2,1.61,19,45.1,76,60.4,0.2,56.2,59.3,93.7,50.5
M. Turner - B. Hield - P. Siakam - A. Nembhard - A. Nesmith,IND,6,52,130.3,126.9,3.4,63.2,2.57,22.6,35,80.5,58,0.1,65.1,66.9,100.96,52.9
T. Harris - K. Oubre Jr. - B. Hield - T. Maxey - P. Reed,PHI,8,52,107.5,111.1,-3.6,45.5,3.33,13.8,28.8,74,48.3,0.1,46.8,49.7,99.58,43.3
D. Lillard - G. Antetokounmpo - B. Portis - P. Connaughton - M. Beauchamp,MIL,14,51,113.7,120.9,-7.2,53.8,3.11,17.1,31.1,77.8,50.9,0.1,54.7,57.5,106.11,50.1
G. Hayward - M. Bridges - L. Ball - M. Williams - B. Miller,CHA,4,51,112.8,101.8,11,61.7,1.71,17.9,39.3,75.5,56.1,0.2,51.9,54.3,102.9,56.6
J. Grant - A. Simons - D. Ayton - S. Henderson - T. Camara,POR,11,51,119.6,118.3,1.3,60.9,2.8,18.8,27.5,69.2,48.5,0.1,54.2,59.1,101.69,51.1
R. Westbrook - P. George - K. Leonard - R. Covington - I. Zubac,LAC,3,51,131.5,93.5,38,67.3,2.47,23.3,31.8,66.7,51.9,0.1,65.8,66.7,100.39,71.4
T. Jones - K. Kuzma - D. Gafford - D. Avdija - C. Kispert,WAS,11,51,114.5,121.4,-6.9,66.7,2.43,20.9,22.6,67.3,44.8,0.1,57.5,59.7,107,47.9
K. Durant - J. Nurkic - D. Booker - G. Allen - N. Little,PHX,5,50,109.6,127.6,-18,62.2,1.75,17.7,27.3,78.7,51,0.1,53.1,56.9,110.81,42.3
R. Jackson - J. Holiday - N. Jokic - C. Braun - P. Watson,DEN,20,50,109.3,94.4,15,69.8,2,18.9,41.5,62.7,52.7,0.1,54.3,57.8,102.2,58.8
Z. Collins - K. Johnson - D. Vassell - B. Wesley - J. Sochan,SAS,19,50,105.4,112.6,-7.2,64.4,1.93,18.1,35.1,76,54.2,0.1,50.5,53.4,107.05,46.2
G. Harris - M. Fultz - W. Carter Jr. - J. Suggs - P. Banchero,ORL,10,49,96.1,128.7,-32.6,61.8,1.62,14.8,32.8,76.9,50.5,0.1,43.5,48.5,100.63,33.3
J. Grant - M. Brogdon - D. Ayton - M. Thybulle - S. Sharpe,POR,6,49,105.4,111.4,-6.1,51.2,1.05,14.9,20.5,69.8,47.4,0.2,55.9,61.5,105.41,49.2
L. James - D. Russell - R. Hachimura - J. Hayes - A. Reaves,LAL,13,49,107.9,104.5,3.3,71.1,2.29,20.4,22.4,78.3,53.2,0.1,58.9,61.4,109.96,55
P. Tucker - T. Harris - J. Embiid - D. Melton - T. Maxey,PHI,3,49,117.6,94.1,23.6,68.3,1.75,20.4,17.9,71.9,50,0.2,61.3,65.6,99.09,62.1
H. Barnes - D. Sabonis - M. Monk - K. Huerter - D. Mitchell,SAC,20,48,94.4,120.4,-26,62.2,1.92,16.5,16.7,75,42.9,0.1,45.5,50.7,107.9,36
J. Butler - T. Rozier - B. Adebayo - C. Martin - D. Robinson,MIA,12,48,107.9,105.3,2.7,38.5,1.36,11.3,32.1,76.9,51.1,0.1,48.9,53.9,97.19,49.8
J. Valanciunas - C. McCollum - B. Ingram - Z. Williamson - T. Murphy III,NOP,7,48,120.8,119.2,1.6,60,3,20.5,33.3,71.1,52.2,0.1,58.7,60.8,99.63,52.1
K. Durant - E. Gordon - J. Nurkic - G. Allen - K. Bates-Diop,PHX,6,48,132,124.5,7.5,72.3,2.43,23.4,23.5,82.1,54.8,0.1,67.9,71.9,100.41,54.9
K. Irving - D. Jones Jr. - M. Kleber - L. Doncic - J. Green,DAL,7,48,135,106.3,28.8,63.8,2.73,22.1,17.1,68.6,47.7,0.1,67.7,71.6,98.96,63.5
K. Olynyk - G. Trent Jr. - O. Agbaji - J. Freeman-Liberty - G. Dick,TOR,4,48,113.1,117,-3.9,59.1,1.73,18.3,33.3,71,47.6,0.2,53.2,56.2,99.81,43.6
M. Conley - R. Gobert - K. Anderson - N. Alexander-Walker - N. Reid,MIN,13,48,110.1,95.8,14.3,80.6,1.21,22.1,36.1,69.4,55.3,0.3,61.1,63.8,91.24,56.2
P. Siakam - G. Trent Jr. - P. Achiuwa - M. Flynn - S. Barnes,TOR,16,48,112.6,102.9,9.7,70.7,2.42,18,46.2,60,52.5,0.1,47.5,51.4,102.35,52.3
R. Jackson - K. Caldwell-Pope - A. Gordon - N. Jokic - C. Braun,DEN,22,48,117.6,82.7,34.9,68,2.62,22.2,30.6,76.4,58.2,0.1,64.9,67.2,105.38,77.9
S. Dinwiddie - B. Simmons - D. Finney-Smith - M. Bridges - C. Thomas,BKN,4,48,124.5,101,23.5,62,7.75,22,16,80.7,50.5,0,59.5,61.3,103.36,60.9
D. Jones Jr. - L. Doncic - G. Williams - J. Green - D. Lively II,DAL,8,47,121.4,109.1,12.3,62.8,3.38,19.7,25.5,86.4,54.9,0.1,60.2,62.6,101.36,54.9
G. Harris - W. Carter Jr. - F. Wagner - P. Banchero - A. Black,ORL,6,47,85.9,122.7,-36.8,55.6,1.25,12.5,24.5,76.3,46.2,0.1,37.2,43.7,97.41,28
H. Barnes - D. Sabonis - D. Fox - M. Monk - K. Huerter,SAC,16,47,112.1,125.9,-13.7,72.7,3.56,21.2,24,66.7,43.5,0.1,54.4,58.1,112.68,41.3
K. Anderson - M. Morris - N. Alexander-Walker - N. Reid - A. Edwards,MIN,14,47,105,91.8,13.1,71.4,2.08,18.1,25,65.2,44.7,0.1,52.5,58.5,102.45,57.9
K. Dunn - L. Markkanen - C. Sexton - W. Kessler - S. Fontecchio,UTA,11,47,134.9,105.8,29.1,66.7,3.09,20.7,44.6,76.5,59.8,0.1,58.2,61.9,108.05,59.8
K. Durant - E. Gordon - B. Beal - J. Nurkic - D. Booker,PHX,7,47,126,114.9,11.1,77.8,2.19,24.3,34.1,76.1,56.3,0.2,63.7,66.1,97.89,56.2
R. O'Neale - B. Simmons - D. Finney-Smith - M. Bridges - C. Thomas,BKN,5,47,72.2,128.7,-56.5,69.2,0.95,13.8,29.3,64.7,45.9,0.2,35.7,39,100.34,18.5
S. Dinwiddie - D. Finney-Smith - M. Bridges - N. Claxton - C. Thomas,BKN,11,47,104.9,104,0.9,57.1,1.6,18.2,16.3,77.8,47.7,0.1,58,59.8,103.38,54.6
S. Dinwiddie - R. O'Neale - D. Finney-Smith - M. Bridges - C. Johnson,BKN,15,47,106.8,128.7,-21.9,77.8,2.33,20.6,10.6,75,40.2,0.1,55.4,58.2,103.37,37.9
S. Dinwiddie - R. O'Neale - D. Finney-Smith - M. Bridges - C. Thomas,BKN,12,47,103.6,112.1,-8.5,63.4,6.5,17.7,17.2,78.8,44.8,0,50.5,52,109.7,44.6
T. Rozier - B. Adebayo - C. Martin - D. Robinson - J. Jaquez Jr.,MIA,9,47,90.7,107.4,-16.6,67.7,1.4,16.3,23.9,64.8,46,0.2,50,52,98.25,45.9
B. Bogdanovic - K. Hayes - I. Stewart - J. Ivey - J. Duren,DET,5,46,125.5,136.1,-10.6,71.2,3.36,25.9,21.6,67.3,47.7,0.1,64.9,66.3,102.07,49.7
B. Lopez - D. Lillard - K. Middleton - B. Portis - M. Beasley,MIL,23,46,90.9,102.9,-11.9,48.7,1.36,13.1,29.1,80,53.3,0.1,46.3,49.7,112.1,42.5
J. Butler - T. Rozier - B. Adebayo - C. Martin - T. Herro,MIA,7,46,121.9,107.2,14.7,71.7,3,24.1,18.6,76.3,45.7,0.1,64.6,65.1,101.35,54.8
J. Randle - I. Hartenstein - J. Hart - D. DiVincenzo - I. Quickley,NYK,15,46,105.1,100,5.1,62.2,1.28,16.5,43.2,67.9,56.7,0.2,52.5,57.1,105.18,53.9
P. Tucker - J. Harden - P. George - I. Zubac - T. Mann,LAC,4,46,127.2,112.6,14.5,62.5,2.5,23.3,20.6,78.3,53.8,0.1,66,68.2,97.46,54.4
R. O'Neale - D. Smith Jr. - L. Walker IV - N. Claxton - C. Thomas,BKN,10,46,92.6,96.9,-4.3,75.8,1.19,18.2,34.6,67.3,51,0.2,47,50.1,100.21,51
R. Westbrook - K. Leonard - M. Plumlee - N. Powell - A. Coffey,LAC,15,46,100,105.6,-5.6,65,2.89,17.9,22.4,65.2,41.3,0.1,46.4,50.4,111.41,45
S. Curry - G. Williams - N. Richards - T. Mann - B. Miller,CHA,7,46,96.7,89,7.7,65.6,1.24,17.1,24.4,82.2,53.3,0.2,49.3,52.4,94.34,52.7
S. Curry - K. Thompson - D. Green - J. Kuminga - B. Podziemski,GSW,14,46,114.2,116.3,-2.2,63.3,2.07,20.5,31.1,80.4,56,0.1,59.8,61.6,109.51,50.1
A. Horford - J. Holiday - J. Tatum - L. Kornet - P. Pritchard,BOS,11,45,104.7,118.7,-14,52.8,1.73,16.1,28.9,79.4,50.6,0.1,51.3,53.3,94.93,40
B. Lopez - D. Lillard - J. Crowder - K. Middleton - M. Beasley,MIL,9,45,107.7,138.6,-30.9,71.4,2.31,21.1,17.8,68.3,41.9,0.1,58.1,60.8,108.28,38.4
C. Paul - S. Curry - K. Thompson - J. Kuminga - T. Jackson-Davis,GSW,8,45,117.9,112.9,5,66.7,4,20.4,26.4,66.7,46.2,0.1,53.3,56,99.5,54.8
D. McDermott - T. McConnell - O. Toppin - J. Smith - B. Sheppard,IND,9,45,130.6,107.6,22.9,77.6,4.09,26.2,37.3,72.7,53.7,0.1,63.4,63.7,112.64,58.5
G. Hayward - T. Rozier - M. Bridges - M. Williams - B. Miller,CHA,4,45,102.2,114.4,-12.2,56.8,1.4,16.8,31.1,68.2,49.4,0.2,53.1,55.1,96.8,43.2
J. Allen - M. Strus - D. Garland - D. Wade - E. Mobley,CLE,4,45,98.9,100,-1.1,73.5,1.56,19.2,30.6,78.4,55,0.2,46.8,50.4,97.45,52.8
K. Anderson - K. Towns - J. McLaughlin - N. Alexander-Walker - N. Reid,MIN,9,45,92,78.1,13.9,86.1,1.55,22.5,16.3,88.1,51.8,0.2,53.8,55.2,105.61,61.2
K. Middleton - G. Antetokounmpo - C. Payne - B. Portis - P. Connaughton,MIL,13,45,125.8,128.1,-2.4,78.7,2.85,26.1,21.6,81.1,51.4,0.1,65.4,66.9,102.18,52.4
K. Olynyk - C. Sexton - T. Horton-Tucker - O. Agbaji - W. Kessler,UTA,6,45,118.3,93.4,24.9,80,2.13,22.2,40.4,75.6,56.7,0.2,53.8,56.4,98.83,57.4
K. Olynyk - G. Trent Jr. - R. Barrett - I. Quickley - G. Dick,TOR,9,45,107.9,115.8,-7.9,64.4,1.93,20.6,25,88.4,56.3,0.1,57.6,58.4,107.36,45
K. Oubre Jr. - B. Hield - T. Maxey - P. Reed - K. Martin,PHI,10,45,116,124.7,-8.8,59.1,1.73,20.8,14.7,67.5,43.2,0.2,64.3,66.6,102.43,46.4
M. Muscala - D. Wright - D. Avdija - C. Kispert - B. Coulibaly,WAS,7,45,93.1,111.2,-18.2,66.7,1.04,17.3,29.2,75,51.1,0.2,50.6,53.3,106.09,40.1
M. Turner - B. Hield - P. Siakam - T. Haliburton - A. Nesmith,IND,3,45,143.8,113,30.8,74,3.08,24.7,37,73.1,56.1,0.1,66.7,67.8,105.34,57.6
S. Pippen Jr. - J. Goodwin - J. LaRavia - G. Jackson - T. Jemison,MEM,3,45,128.4,118.6,9.9,58.3,3.11,20.6,28.9,64.9,45.1,0.1,60.9,62.7,103.16,51.7
B. Lopez - D. Lillard - G. Antetokounmpo - M. Beasley - A. Jackson Jr.,MIL,10,44,112.6,126.5,-13.9,58.3,1.91,16.3,26,59.6,42.3,0.1,52.4,56.9,105.32,41.9
C. LeVert - G. Niang - D. Mitchell - J. Allen - M. Strus,CLE,17,44,130.4,105.4,25.1,61.7,4.14,21.6,31.8,70.3,49.4,0.1,60,62.4,101.68,56.8
D. McDermott - T. McConnell - O. Toppin - I. Jackson - B. Sheppard,IND,8,44,129,98.9,30.1,60,3.33,21.3,38.3,71.4,53.9,0.1,60,60.9,101.19,59.4
D. Vassell - J. Champagnie - M. Branham - J. Sochan - V. Wembanyama,SAS,7,44,110,120.7,-10.7,73.7,2.15,22.4,17.9,57.1,41.1,0.1,59.3,62,99.9,49.8
G. Antetokounmpo - C. Payne - B. Portis - P. Connaughton - M. Beauchamp,MIL,14,44,115.8,106.1,9.7,66.7,1.86,19.7,25.6,69,47.1,0.1,57.4,60.9,104.99,49.2
G. Harris - G. Bitadze - F. Wagner - J. Suggs - P. Banchero,ORL,10,44,119.6,120.7,-1.1,56.1,1.92,18.7,21.1,70.5,47.6,0.1,61.7,64.4,99.66,50.2
G. Harris - J. Isaac - F. Wagner - J. Suggs - P. Banchero,ORL,9,44,106.2,101,5.2,56.4,2.2,15.9,35.8,75,53.6,0.1,47.3,52.1,106.89,54.3
J. Harden - P. George - N. Powell - D. Theis - A. Coffey,LAC,15,44,124.5,108,16.4,70.2,3.3,25.4,9.7,70.2,46.2,0.1,70.8,71.5,99.18,59.7
K. Irving - D. Jones Jr. - L. Doncic - J. Green - D. Lively II,DAL,8,44,115.6,103.2,12.3,48.7,1.73,15.4,30.4,75,53.2,0.1,52.9,57,100.81,53
K. Irving - P. Washington - L. Doncic - D. Gafford - J. Green,DAL,9,44,89.2,114.4,-25.2,65.8,1.19,17.6,27.8,72,49,0.2,47.2,48.3,111.37,35.6
K. Olynyk - J. Clarkson - L. Markkanen - J. Collins - K. George,UTA,8,44,129.3,108.3,21,66.7,1.67,21.7,45.7,66.7,57.5,0.2,64.6,67.4,102,57.2
K. Towns - N. Alexander-Walker - N. Reid - A. Edwards - J. McDaniels,MIN,19,44,147.8,103.3,44.5,56.6,2.73,23.8,22.2,62.2,47.2,0.1,77.5,78.4,98.69,67.2
M. Conley - R. Gobert - K. Anderson - J. McLaughlin - N. Alexander-Walker,MIN,11,44,100,98.9,1.1,87.9,1.61,24,8.8,82.9,49.3,0.2,59.8,62,97.89,55.5
T. Jones - S. Mamukelashvili - J. Champagnie - M. Branham - V. Wembanyama,SAS,4,44,114.7,94.8,19.9,73.3,4.13,22.6,32.1,67.3,49.5,0.1,52.5,53.4,103.09,60.4
T. Thompson - C. LeVert - G. Niang - S. Merrill - C. Porter Jr.,CLE,10,44,154.4,103.2,51.3,69.8,3.36,25.5,43.9,75,60.7,0.1,73.1,72.9,101,66.9
B. Bogdanovic - J. Hart - D. DiVincenzo - P. Achiuwa - M. McBride,NYK,11,43,81.6,108.5,-26.9,84.6,1.22,18.5,26.2,66,47.2,0.2,44,47.9,101.59,34.2
C. LeVert - D. Mitchell - J. Allen - M. Strus - D. Garland,CLE,12,43,130,95.4,34.6,70,2,20.9,38.6,82.5,59.5,0.2,61.1,64.2,99.28,62.8
C. Paul - K. Thompson - D. Saric - J. Kuminga - B. Podziemski,GSW,9,43,123.3,89.7,33.7,73.8,3.88,23.7,23.3,84.4,54.5,0.1,59.8,62,99.02,67.6
D. Jordan - R. Jackson - J. Strawther - C. Braun - P. Watson,DEN,10,43,103.3,115.1,-11.9,63.2,2.67,18.5,30.8,67.4,48,0.1,49.4,50.4,99.45,42.3
J. Grant - A. Simons - D. Ayton - K. Murray - T. Camara,POR,3,43,109.1,109.2,-0.1,72.2,1.37,19.7,40,75,54.5,0.2,52.5,55.8,96.92,43.9
J. Richardson - B. Adebayo - D. Robinson - H. Highsmith - J. Jaquez Jr.,MIA,6,43,100,110.1,-10.1,68.6,1.5,18.3,32.6,67.4,50,0.2,51.3,53.6,101.74,46.4
J. Richardson - C. Martin - D. Robinson - O. Robinson - J. Jaquez Jr.,MIA,6,43,113.2,93.3,19.9,60.5,2.09,18.4,24.4,87.5,57,0.1,53.8,57.7,101.44,58.8
K. Anderson - K. Towns - S. Milton - N. Alexander-Walker - N. Reid,MIN,13,43,114.6,109.3,5.3,55.3,3,15.9,30,69.8,48.4,0.1,47.1,54.9,108.95,50.6
K. Love - J. Richardson - B. Adebayo - D. Robinson - J. Jaquez Jr.,MIA,6,43,114.6,104.8,9.8,62.9,2.44,18.5,22,77.8,51.2,0.1,56.2,61,96.53,55.9
K. Lowry - K. Love - J. Butler - J. Richardson - J. Jaquez Jr.,MIA,10,43,125.9,108.2,17.6,71.1,3,22.5,21.6,78.1,47.8,0.1,62.3,65.4,95.02,55.5
N. Batum - T. Harris - B. Hield - T. Maxey - P. Reed,PHI,9,43,100,96.6,3.4,63.6,2.63,17.8,22.4,68.9,44.7,0.1,46.3,49.8,96.55,50.5
R. Westbrook - J. Harden - M. Plumlee - N. Powell - A. Coffey,LAC,10,43,136.7,121.1,15.6,73.2,2.73,23.4,24.2,67.4,49.4,0.1,67.1,72.1,100.15,56.6
T. Brown Jr. - C. Metu - J. Wiseman - J. Ivey - M. Sasser,DET,5,43,93.4,109.6,-16.2,47.1,0.89,13.8,19.6,82.1,48.2,0.2,49.4,51.5,102.42,36.2
A. Burks - B. Bogdanovic - J. Hart - P. Achiuwa - M. McBride,NYK,11,42,84.1,127.4,-43.3,65.2,0.88,12.9,31,72.5,51.2,0.2,44.4,51.5,99.07,27.9
C. LeVert - D. Mitchell - J. Allen - D. Wade - I. Okoro,CLE,17,42,95.8,106.3,-10.5,69,1.25,16.5,14.3,82.1,50,0.2,56.5,62.3,107.97,50.4
C. LeVert - G. Niang - D. Mitchell - M. Strus - E. Mobley,CLE,14,42,128,117.6,10.4,68.9,2.21,22.3,22.2,73.8,50,0.1,63.8,69.3,108.73,58.4
D. Lillard - G. Antetokounmpo - B. Portis - P. Connaughton - A. Jackson Jr.,MIL,12,42,119.8,123.3,-3.6,64.1,1.92,20.2,25,66.7,43.8,0.1,64.7,67.2,103.63,45.3
K. Irving - T. Hardaway Jr. - D. Powell - D. Jones Jr. - J. Green,DAL,6,42,136.5,134.9,1.5,57.1,3,19.2,40.5,70,54.9,0.1,62.7,64.1,95.96,49.1
K. Irving - T. Hardaway Jr. - M. Kleber - P. Washington - L. Doncic,DAL,15,42,107.4,85.7,21.7,55.3,1.75,16.4,24.5,66,45.5,0.1,53.5,56.2,111.26,61.3
K. Lowry - J. Butler - B. Adebayo - H. Highsmith - T. Herro,MIA,5,42,130.7,122.4,8.3,66.7,2.8,22.4,25.7,74.4,51.4,0.1,63.8,67.8,99.24,55.5
M. Brogdon - M. Thybulle - S. Henderson - J. Walker - D. Reath,POR,8,42,130.8,109.1,21.7,59.1,2.6,19.7,35.7,71.4,51.9,0.1,60.1,63.8,101.32,55.6
R. Jackson - J. Holiday - K. Caldwell-Pope - N. Jokic - M. Porter Jr.,DEN,4,42,160.5,118.6,41.9,70.4,3.8,28.1,37.9,73.7,58.2,0.1,77.8,78,97.15,62.9
R. Westbrook - J. Harden - K. Leonard - N. Powell - D. Theis,LAC,14,42,94.5,87.8,6.7,65.6,1.75,17.2,22,74,48,0.1,46.8,50.3,103.13,56
S. Gilgeous-Alexander - I. Joe - A. Wiggins - J. Williams - C. Wallace,OKC,14,42,123.3,117.6,5.8,64.9,2.18,19,30.8,66.7,48.7,0.1,59.6,64.7,104.05,52.6
B. Bogdanovic - I. Livers - C. Cunningham - J. Ivey - J. Duren,DET,8,41,121.7,138.6,-16.9,66.7,1.86,21.1,40,63.2,52.1,0.2,63.2,64.2,96.77,42.1
D. Ayton - D. Banton - S. Henderson - J. Walker - K. Murray,POR,7,41,89.9,109.4,-19.5,61.3,0.95,15.8,31.7,72.1,52.4,0.2,47.9,51.3,101,39.8
J. Clarkson - J. Collins - W. Kessler - S. Fontecchio - K. George,UTA,4,41,100,124.7,-24.7,64.3,1.64,16.1,26.7,67.6,45.1,0.1,47.9,50.8,96.42,37.7
J. Collins - O. Yurtseven - O. Agbaji - S. Fontecchio - K. George,UTA,3,41,84.9,135.3,-50.4,60.7,0.81,14.7,29.5,83.3,53.8,0.2,43.7,47.9,100.47,26
J. Hart - J. Brunson - D. DiVincenzo - M. Robinson - M. McBride,NYK,7,41,124.7,100,24.7,57.9,2,17.3,51,80,63.1,0.1,52.4,54.1,96.55,58.2
J. Randle - O. Anunoby - I. Hartenstein - J. Hart - J. Brunson,NYK,8,41,131.5,71.3,60.2,46.5,1.82,16.1,38.5,83.3,63.2,0.1,56.3,62.8,102.9,86.3
J. Valanciunas - C. McCollum - M. Ryan - H. Jones - J. Hawkins,NOP,7,41,108.2,110.3,-2.1,60,1.75,18.3,22.5,57.1,41.6,0.1,57.7,59.3,101.09,49
O. Anunoby - J. Hart - J. Brunson - Q. Grimes - P. Achiuwa,NYK,9,41,134.1,88.6,45.5,53.7,2.44,18.8,32.5,64.4,49.4,0.1,61.5,63.4,99.96,69.7
O. Anunoby - J. Hart - Q. Grimes - P. Achiuwa - M. McBride,NYK,9,41,104.8,84,20.9,57.1,1.6,13.7,36.7,75,56.4,0.1,43.4,50.5,96.04,65.7
T. Rozier - B. Adebayo - D. Robinson - H. Highsmith - J. Jaquez Jr.,MIA,9,41,103.5,101.2,2.3,62.2,1.53,19.7,22.2,84.1,56.3,0.2,58.6,58.8,99.09,51.9
V. Micic - M. Bridges - G. Williams - N. Richards - B. Miller,CHA,4,41,92.9,133.7,-40.9,53.1,1.42,15.6,19.5,67.5,43.2,0.1,48.6,51,96.62,34.7
W. Carter Jr. - F. Wagner - J. Suggs - P. Banchero - C. Houstan,ORL,5,41,120.5,102.4,18.1,77.8,2.33,23.5,21.1,71.4,47.5,0.1,60.6,63.7,97.25,57.7
A. Davis - D. Russell - C. Wood - T. Prince - A. Reaves,LAL,13,40,105.9,137.1,-31.2,43.8,1.75,12.7,24.4,64.3,43.7,0.1,50,53.9,103.66,35.8
B. Bogdanovic - I. Stewart - C. Cunningham - J. Ivey - J. Duren,DET,3,40,129.4,104.9,24.5,76.7,2.75,25.4,37.5,90.5,67.6,0.1,68.1,68.4,100.87,63.6
B. Lopez - P. Beverley - K. Middleton - G. Antetokounmpo - M. Beasley,MIL,2,40,116.3,126.4,-10.2,71.1,2.45,22.5,19.4,82.4,50,0.1,59,61.5,104.67,46.9
D. Rose - B. Biyombo - J. Jackson Jr. - D. Bane - D. Roddy,MEM,5,40,102.4,118.1,-15.7,69.4,1.92,22.5,8.6,69.6,43.2,0.2,58.6,59.2,100.14,43.9
J. Green - A. Holiday - J. Green - J. Tate - T. Eason,HOU,13,40,98.9,104.5,-5.6,60.6,1.33,16.1,35.7,76.7,56.5,0.2,52.8,54.2,106.33,46.8
J. Harden - K. Leonard - I. Zubac - A. Coffey - T. Mann,LAC,8,40,101.2,139.2,-38,62.5,1.82,17.7,26.3,66.7,47.5,0.1,51.4,56.2,96.79,40.8
J. Hart - D. DiVincenzo - P. Achiuwa - M. McBride - J. Sims,NYK,6,40,101.3,84.4,16.9,67.9,1.73,17.6,26.2,74.4,50.6,0.1,51.4,52.8,92.88,60.6
J. Ingles - G. Bitadze - J. Suggs - P. Banchero - A. Black,ORL,13,40,122.5,94,28.5,72.5,2.42,22.1,34.2,65.2,51.2,0.1,58.6,63.3,104.2,72.7
M. Bridges - C. Martin - P. Washington - N. Richards - B. Miller,CHA,5,40,106.5,127.5,-21,64.5,1.33,18.5,34.3,65,50.7,0.2,54.6,57.3,93.83,40.8
N. Batum - T. Harris - D. Melton - T. Maxey - P. Reed,PHI,7,40,133.8,112.2,21.6,66.7,2.36,22,33.3,60.5,48.1,0.1,63.7,66.5,97.48,57.3
N. Vucevic - Z. LaVine - T. Craig - C. White - P. Williams,CHI,10,40,102.3,93.1,9.2,43.3,1.63,12.4,14.6,69.6,43.7,0.1,47.1,55,104.92,53.2
P. Mills - J. Butler - T. Rozier - B. Adebayo - N. Jovic,MIA,3,40,125.6,69.1,56.5,69.2,3.38,23.9,12.9,87.5,54.9,0.1,64.3,67.2,98.7,82
S. Gilgeous-Alexander - L. Dort - I. Joe - J. Giddey - C. Holmgren,OKC,24,40,131.8,78.7,53.2,48.8,1.54,16.5,38.2,68.6,56.5,0.1,62.7,67.8,105.08,83.9
,,,,,,,,,,,,,,,,,
,,,,,,,,,,,,,,,,,
,,,,,,,,,,,,,,,,,
,,,,,,,,,,,,,,,,,
,,,,,,,,,,,,,,,,,
,,,,,,,,,,,,,,,,,
,,,,,,,,,,,,,,,,,
